<?xml version="1.0" encoding="utf-8" standalone="yes" ?>
<rss version="2.0" xmlns:atom="http://www.w3.org/2005/Atom">
  <channel>
    <title>Tags on GL Natural Healthcare - Traditional Chinese Herbal Healthcare &amp; Fertility Acupuncture Melbourne Australia</title>
    <link>https://chungminhtu.github.io/glnaturehealthcare/cn/tags/</link>
    <description>Recent content in Tags on GL Natural Healthcare - Traditional Chinese Herbal Healthcare &amp; Fertility Acupuncture Melbourne Australia</description>
    <generator>Hugo -- gohugo.io</generator>
    <language>en-us</language>
    
	<atom:link href="https://chungminhtu.github.io/glnaturehealthcare/cn/tags/index.xml" rel="self" type="application/rss+xml" />
    
    
  </channel>
</rss>