<?xml version="1.0" encoding="utf-8" standalone="yes" ?>
<rss version="2.0" xmlns:atom="http://www.w3.org/2005/Atom">
  <channel>
    <title>Pages on GL Natural Healthcare</title>
    <link>/cn/page/</link>
    <description>Recent content in Pages on GL Natural Healthcare</description>
    <generator>Hugo -- gohugo.io</generator>
    <language>en-us</language>
    
	<atom:link href="/cn/page/index.xml" rel="self" type="application/rss+xml" />
    
    
    <item>
      <title></title>
      <link>/cn/page/gl/</link>
      <pubDate>Mon, 01 Jan 0001 00:00:00 +0000</pubDate>
      
      <guid>/cn/page/gl/</guid>
      <description>關於農本方中草藥產品 GL自然保健診所在北郊向民衆提供針灸和中草藥的服務多年。診所由具有豐富臨床經驗並不斷運用學術成果于臨床操作的Lenon博士運作。他的名聲遍及墨爾本及周邊，與患者定期從本迪戈，巴拉瑞特和羅斯巴德等遙遠的地區慕名而來。
現在GL自然保健診所將服務延伸到Docklands， 並致力於自身的現代化，將傳統中國醫藥以最先進的技術運用于病人的管理和中藥製作。
神農中藥顆粒：最值得信賴的品牌
GL自然保健診所所使用的神農中藥顆粒遵守中醫原則，提供了優質，便捷的解決方案，以取代傳統中藥煲劑。中藥顆粒具有良好的溶解性，保證用量準確和其有效性。神農中藥顆粒可完全溶於熱水，病人可以體驗到與傳統煎煮中藥煲劑同樣的味道、氣味和效果。
神農中藥顆粒是香港市场的领导品牌，作爲處方中藥廣泛用于公立醫院，大學和私人診所。產品在國際上也應用甚廣，在包括英國、美國、加拿大、新加坡和中國大陸在内的國家使用。
CFDA推薦神農中藥顆粒為中國藥典(2015​​年版)編寫草藥顆粒製作規定。
國際質量保證標準
神農本草在南寧的工廠有世界一流的製造水準，得到中國食品藥品監督管理局（SFDA）和澳大利亞治療用品管理局（TGA）的兩個國家的良好生產規範（GMP）認證。工廠擁有ISO-17025（CNAS認證）的內部實驗室和100％自家種植，是亞洲最優秀的中醫制葯之一。整個生產線採用日本最新技術， 80％的全自動化製造過程，是同類工廠生產率的300％-400％。它的設計達到目前GMP最高的標準，並優於許多國家的標準規格。
中草藥的療效受到各種因素的影響，包括產地，季節，回收，儲存，製備和加工。神農本草通過監控製造過程中的每一個步驟，已建成了中藥從產地到零售櫃檯的整個供應鏈，這是生產高質量中藥顆粒的關鍵。神農本草採用頂尖的技術進行標準化和現代化的中藥製作，並在在質量監控方面處于世界領先水平。主要成就有：
•第一個靈芝DNA， 6個靈芝品種的DNA辨識。
•第一個得到美國藥典（USP）驗證認可的基因改造ONCO-Z *雲芝提取物，也是第一個有質量保證的轉基因中藥提取物
中華人民共和國主席習近平先生參觀了神農本草在南寧的工廠</description>
    </item>
    
  </channel>
</rss>