<?xml version="1.0" encoding="utf-8" standalone="yes" ?>
<rss version="2.0" xmlns:atom="http://www.w3.org/2005/Atom">
  <channel>
    <title>Pages on GL Natural Healthcare - Traditional Chinese Herbal Healthcare &amp; Fertility Acupuncture Melbourne Australia</title>
    <link>https://chungminhtu.github.io/glnaturehealthcare/vi/page/</link>
    <description>Recent content in Pages on GL Natural Healthcare - Traditional Chinese Herbal Healthcare &amp; Fertility Acupuncture Melbourne Australia</description>
    <generator>Hugo -- gohugo.io</generator>
    <language>en-us</language>
    
	<atom:link href="https://chungminhtu.github.io/glnaturehealthcare/vi/page/index.xml" rel="self" type="application/rss+xml" />
    
    
    <item>
      <title></title>
      <link>https://chungminhtu.github.io/glnaturehealthcare/vi/page/gl/</link>
      <pubDate>Mon, 01 Jan 0001 00:00:00 +0000</pubDate>
      
      <guid>https://chungminhtu.github.io/glnaturehealthcare/vi/page/gl/</guid>
      <description>Giới thiệu GL Natural Healthcare
GL Natural Healthcare Clinic đã cung cấp dịch vụ châm cứu và thuốc thảo dược Trung Quốc cho người dân ở vùng ngoại ô phía Bắc trong nhiều năm. Nó đã được vận hành thành công bởi Tiến sĩ George Lenon, người đã kết hợp học tập và nghiên cứu của mình vào thực hành của mình. Danh tiếng của anh lan rộng khắp Melbourne, với bệnh nhân thường xuyên đi du lịch từ xa như Bendigo, Ballarat và Rosebud vv</description>
    </item>
    
  </channel>
</rss>