<?xml version="1.0" encoding="utf-8" standalone="yes" ?>
<rss version="2.0" xmlns:atom="http://www.w3.org/2005/Atom">
  <channel>
    <title>Pages on GL Natural Healthcare</title>
    <link>/en/page/</link>
    <description>Recent content in Pages on GL Natural Healthcare</description>
    <generator>Hugo -- gohugo.io</generator>
    <language>en-us</language>
    
	<atom:link href="/en/page/index.xml" rel="self" type="application/rss+xml" />
    
    
    <item>
      <title></title>
      <link>/en/page/gl/</link>
      <pubDate>Mon, 01 Jan 0001 00:00:00 +0000</pubDate>
      
      <guid>/en/page/gl/</guid>
      <description>About Us GL Natural Healthcare
GL Natural Healthcare Clinic has been providing service of acupuncture and Chinese herbal medicine to people in Northern suburbs for many years. It has been successfully operated by Dr George Lenon who incorporated his academic and research into his practice. His reputation spreads over Melbourne, with patients regularly travelling from as far as Bendigo, Ballarat and Rosebud etc.
Now GL Natural Healthcare extends to Docklands to provide services to docklands residents and workers.</description>
    </item>
    
  </channel>
</rss>