<?xml version="1.0" encoding="utf-8" standalone="yes" ?>
<rss version="2.0" xmlns:atom="http://www.w3.org/2005/Atom">
  <channel>
    <title>Pages on GL Natural Healthcare - Traditional Chinese Herbal Healthcare &amp; Fertility Acupuncture Melbourne Australia</title>
    <link>https://chungminhtu.github.io/glnaturehealthcare/en/page/</link>
    <description>Recent content in Pages on GL Natural Healthcare - Traditional Chinese Herbal Healthcare &amp; Fertility Acupuncture Melbourne Australia</description>
    <generator>Hugo -- gohugo.io</generator>
    <language>en-us</language>
    
	<atom:link href="https://chungminhtu.github.io/glnaturehealthcare/en/page/index.xml" rel="self" type="application/rss+xml" />
    
    
    <item>
      <title></title>
      <link>https://chungminhtu.github.io/glnaturehealthcare/en/page/gl/</link>
      <pubDate>Mon, 01 Jan 0001 00:00:00 +0000</pubDate>
      
      <guid>https://chungminhtu.github.io/glnaturehealthcare/en/page/gl/</guid>
      <description>About Us GL Natural Healthcare
GL Natural Healthcare Clinic has been providing service of acupuncture and Chinese herbal medicine to people in Northern suburbs for many years. It has been successfully operated by Dr George Lenon who incorporated his academic and research into his practice. His reputation spreads over Melbourne, with patients regularly travelling from as far as Bendigo, Ballarat and Rosebud etc.
Now GL Natural Healthcare extends to Strathmore to provide services to Strathmore residents and workers.</description>
    </item>
    
  </channel>
</rss>