<?xml version="1.0" encoding="utf-8" standalone="yes" ?>
<rss version="2.0" xmlns:atom="http://www.w3.org/2005/Atom">
  <channel>
    <title>Doctors on GL Natural Healthcare - Traditional Chinese Herbal Healthcare &amp; Fertility Acupuncture Melbourne Australia</title>
    <link>https://chungminhtu.github.io/glnaturehealthcare/cn/doctors/</link>
    <description>Recent content in Doctors on GL Natural Healthcare - Traditional Chinese Herbal Healthcare &amp; Fertility Acupuncture Melbourne Australia</description>
    <generator>Hugo -- gohugo.io</generator>
    <language>en-us</language>
    
	<atom:link href="https://chungminhtu.github.io/glnaturehealthcare/cn/doctors/index.xml" rel="self" type="application/rss+xml" />
    
    
    <item>
      <title></title>
      <link>https://chungminhtu.github.io/glnaturehealthcare/cn/doctors/doctor1/</link>
      <pubDate>Mon, 01 Jan 0001 00:00:00 +0000</pubDate>
      
      <guid>https://chungminhtu.github.io/glnaturehealthcare/cn/doctors/doctor1/</guid>
      <description>针灸和中草药 资格：BHlthSc（Hons-ChinMed），RCMP，PhD George Lenon博士是GL Natural Healthcare的创始人，他是澳大利亚和海外合格的执业医师。 多年前他开始了他的传统中医之旅。在维多利亚大学从中医学毕业后， George Lenon博士随后在国际公认的过敏研究中继续在皇家墨尔本理工大学获得博士学位 （即Hayfever）和减肥。他目前正在皇家墨尔本理工大学讲学并进行研究，并致力于他的研究 他的病人在Strathmore诊所和周末在Strathmore地区工作数小时后（通过预约） 只要）。 Lenon博士目前在澳大利亚中草药注册委员会注册。他结合了一系列的 从推拿按摩，中草药到针灸疗法，提供个性化和高品质的护理 他所有的病人。 办公室：港区和Strathmore 工作日：周一至周六</description>
    </item>
    
    <item>
      <title></title>
      <link>https://chungminhtu.github.io/glnaturehealthcare/cn/doctors/doctor3/</link>
      <pubDate>Mon, 01 Jan 0001 00:00:00 +0000</pubDate>
      
      <guid>https://chungminhtu.github.io/glnaturehealthcare/cn/doctors/doctor3/</guid>
      <description>针灸和中草药 资格：BHlthSc＆BAppSc（ChinMed） 石琪医生（玫瑰）罗医生是一位负责任，热情和专业的注册中医，致力于为每位患者提供最优质的护理服务。罗斯毕业于皇家墨尔本理工大学，获得健康科学和中医学双学位。她目前正在攻读博士学位。皇家墨尔本理工大学学位。她将她在南京最着名的中医院之一的实习经历带到她的实习岗位，并因其在实习期间的出色表现而获得江苏省颁发的“茉莉花奖学金”。 自从年轻以来，罗斯一直对中医有兴趣。她拥有中医的家庭背景，因为她的祖父母和叔叔都是中医师。她还在医院工作了6年多的注册护士，并开发了多种技能。患者发现与她建立融洽关系很容易，她具有关怀和同情心。罗斯一直在将理论与实践相结合。她所有的经验使她能够为患者提出适当的治疗方案，并帮助他们达到最佳的治疗效果。 要了解更多关于她可以做些什么来有益于您的健康福利，请联系我们并访问我们的网站以预约咨询！</description>
    </item>
    
  </channel>
</rss>