<?xml version="1.0" encoding="utf-8" standalone="yes" ?>
<rss version="2.0" xmlns:atom="http://www.w3.org/2005/Atom">
  <channel>
    <title>Doctors on GL Natural Healthcare - Traditional Chinese Herbal Medicine &amp; Fertility Acupuncture Melbourne</title>
    <link>/cn/doctors/</link>
    <description>Recent content in Doctors on GL Natural Healthcare - Traditional Chinese Herbal Medicine &amp; Fertility Acupuncture Melbourne</description>
    <generator>Hugo -- gohugo.io</generator>
    <language>en-us</language>
    
	<atom:link href="/cn/doctors/index.xml" rel="self" type="application/rss+xml" />
    
    
    <item>
      <title></title>
      <link>/cn/doctors/doctor1/</link>
      <pubDate>Mon, 01 Jan 0001 00:00:00 +0000</pubDate>
      
      <guid>/cn/doctors/doctor1/</guid>
      <description>针灸和中草药 资格：BHlthSc（Hons-ChinMed），RCMP，PhD George Lenon博士是GL Natural Healthcare的创始人，他是澳大利亚和海外合格的执业医师。 多年前他开始了他的传统中医之旅。在维多利亚大学从中医学毕业后， George Lenon博士随后在国际公认的过敏研究中继续在皇家墨尔本理工大学获得博士学位 （即Hayfever）和减肥。他目前正在皇家墨尔本理工大学讲学并进行研究，并致力于他的研究 他的病人在Strathmore诊所和周末在Docklands地区工作数小时后（通过预约） 只要）。 Lenon博士目前在澳大利亚中草药注册委员会注册。他结合了一系列的 从推拿按摩，中草药到针灸疗法，提供个性化和高品质的护理 他所有的病人。 办公室：港区和Strathmore 工作日：周一至周六</description>
    </item>
    
    <item>
      <title></title>
      <link>/cn/doctors/doctor2/</link>
      <pubDate>Mon, 01 Jan 0001 00:00:00 +0000</pubDate>
      
      <guid>/cn/doctors/doctor2/</guid>
      <description>专业：中医 资格：中医和人类生物学学士，RCMP 柯南科尔博士引用了他早期关于通过他的母亲护理教科书轻弹的回忆，作为他对生物科学和人体工作的浓厚兴趣的开始。这与广泛的世界旅行，对其他文化的兴趣，对其他人的同情以及多年来的双手合作。最终结合他承担作为护理人员的终身学习承诺。利用传统中医提供的许多工具。 他以前的工作角色包括施工专家和工头，以及目前担任父亲，针灸师和家庭装修工的角色。意味着他对时间对我们大多数人来说是一个问题很敏感。所以他会努力制定一个适合你生活方式的治疗方案。 虽然每一个案例都对科南很重要，但特别的回忆是减少了九岁的衰弱的慢性偏头痛。在12周时停止多次失败的IVF患者的出血，可能防止流产。改善多发性硬化症患者的流动性。治愈他长期慢性胃灼热的父亲。是什么让他磨练自己的技能和提高他的知识基础，以实现他的治疗效果最好的例子。 虽然他的第一手经验与他的母亲是一个护理在护理年迈。以及看着爷爷奶奶遭受痴呆症的无奈感。意味着他感到对治疗老化疾病的特殊承诺。 在港区的办公室 工作日：周一至周五。他也可以在下班后使用。</description>
    </item>
    
    <item>
      <title></title>
      <link>/cn/doctors/doctor3/</link>
      <pubDate>Mon, 01 Jan 0001 00:00:00 +0000</pubDate>
      
      <guid>/cn/doctors/doctor3/</guid>
      <description>针灸和中草药 资格：BHlthSc＆BAppSc（ChinMed） 石琪医生（玫瑰）罗医生是一位负责任，热情和专业的注册中医，致力于为每位患者提供最优质的护理服务。罗斯毕业于皇家墨尔本理工大学，获得健康科学和中医学双学位。她目前正在攻读博士学位。皇家墨尔本理工大学学位。她将她在南京最着名的中医院之一的实习经历带到她的实习岗位，并因其在实习期间的出色表现而获得江苏省颁发的“茉莉花奖学金”。 自从年轻以来，罗斯一直对中医有兴趣。她拥有中医的家庭背景，因为她的祖父母和叔叔都是中医师。她还在医院工作了6年多的注册护士，并开发了多种技能。患者发现与她建立融洽关系很容易，她具有关怀和同情心。罗斯一直在将理论与实践相结合。她所有的经验使她能够为患者提出适当的治疗方案，并帮助他们达到最佳的治疗效果。 要了解更多关于她可以做些什么来有益于您的健康福利，请联系我们并访问我们的网站以预约咨询！</description>
    </item>
    
    <item>
      <title></title>
      <link>/cn/doctors/doctor4/</link>
      <pubDate>Mon, 01 Jan 0001 00:00:00 +0000</pubDate>
      
      <guid>/cn/doctors/doctor4/</guid>
      <description>针灸和中草药 资格：BHlthSc＆BAppSc（ChinMed） 博士钟先生是澳大利亚卫生执业者管理机构的注册中医。作为一位中医师的女儿，她对中医的热情发展很早，因为她在暑假期间在父亲诊所帮忙。通过目睹她的父亲如何帮助不同类型的患有各种疾病的患者，她决心遵循她父亲的小径，帮助患者掌握广泛的中医知识。

她目前正在皇家墨尔本理工学院攻读博士学位，这与她心爱的疗法 - 针灸治疗有关。她还特别对女性健康，疼痛和压力管理以及美容针灸感兴趣。她也经常拜访当地的寺庙，为那些不能得到治疗的不幸成员提供治疗。</description>
    </item>
    
  </channel>
</rss>