<?xml version="1.0" encoding="utf-8" standalone="yes" ?>
<rss version="2.0" xmlns:atom="http://www.w3.org/2005/Atom">
  <channel>
    <title>Doctors on GL Natural Healthcare - Traditional Chinese Herbal Healthcare &amp; Fertility Acupuncture Melbourne Australia</title>
    <link>https://chungminhtu.github.io/glnaturehealthcare/vi/doctors/</link>
    <description>Recent content in Doctors on GL Natural Healthcare - Traditional Chinese Herbal Healthcare &amp; Fertility Acupuncture Melbourne Australia</description>
    <generator>Hugo -- gohugo.io</generator>
    <language>en-us</language>
    
	<atom:link href="https://chungminhtu.github.io/glnaturehealthcare/vi/doctors/index.xml" rel="self" type="application/rss+xml" />
    
    
    <item>
      <title></title>
      <link>https://chungminhtu.github.io/glnaturehealthcare/vi/doctors/doctor1/</link>
      <pubDate>Mon, 01 Jan 0001 00:00:00 +0000</pubDate>
      
      <guid>https://chungminhtu.github.io/glnaturehealthcare/vi/doctors/doctor1/</guid>
      <description>Chuyên môn: Châm cứu và kê toa thuốc thảo dược Học vấn: Cử nhân y tế (Trung Y), Tiến sĩ Khoa học (Đông Y - PhD) Tốt nghiệp tại Úc (Australia) và ở nước ngoài, Bác sĩ Bình bắt đầu cuộc hành trình Y học cổ truyền Trung Quốc, ông tốt nghiệp tại Đại học Victoria. Tiến sĩ Bình sau đó tiếp tục nhận được bằng tiến sĩ tại Đại học RMIT với nghiên cứu của ông được quốc tế công nhận trong lĩnh vực dị ứng và viêm xoang.</description>
    </item>
    
    <item>
      <title></title>
      <link>https://chungminhtu.github.io/glnaturehealthcare/vi/doctors/doctor3/</link>
      <pubDate>Mon, 01 Jan 0001 00:00:00 +0000</pubDate>
      
      <guid>https://chungminhtu.github.io/glnaturehealthcare/vi/doctors/doctor3/</guid>
      <description>Chuyên khoa : Châm cứu và thuốc thảo dược Trung Quốc  Chứng chỉ : BHlthSc &amp;amp; BAppSc (ChinMed) Bác sĩ SHIQI (Rose) LUO là một chuyên gia y học Trung Quốc có trách nhiệm, nhiệt tình và chuyên nghiệp, luôn chăm sóc tốt nhất cho mọi bệnh nhân. Rose tốt nghiệp Đại học RMIT và có bằng kép về khoa học y tế và y học Trung Quốc. Cô hiện đang làm bằng tiến sĩ của mình tại đại học RMIT.</description>
    </item>
    
  </channel>
</rss>