<?xml version="1.0" encoding="utf-8" standalone="yes" ?>
<rss version="2.0" xmlns:atom="http://www.w3.org/2005/Atom">
  <channel>
    <title>Services on GL Natural Healthcare</title>
    <link>/vi/services/</link>
    <description>Recent content in Services on GL Natural Healthcare</description>
    <generator>Hugo -- gohugo.io</generator>
    <language>en-us</language>
    
	<atom:link href="/vi/services/index.xml" rel="self" type="application/rss+xml" />
    
    
    <item>
      <title></title>
      <link>/vi/services/acupuncture/</link>
      <pubDate>Mon, 01 Jan 0001 00:00:00 +0000</pubDate>
      
      <guid>/vi/services/acupuncture/</guid>
      <description>Về Châm cứu Được coi là một trong những phương pháp điều trị phổ biến nhất trong lĩnh vực chăm sóc sức khỏe tự nhiên, châm cứu đã được chứng minh có hiệu quả trong nhiều trường hợp cho nhiều bệnh nhân khác nhau

Từ những người nổi tiếng như Gwyneth Paltrow và Kim Kardashian cho tới tất cả các vận động viên tại Olympic mùa hè và mùa đông bao gồm ngôi sao NBA Dwayne Wade, châm cứu đã được biết đến là rất phổ biến trên toàn thế giới để điều trị một loạt các điều kiện đau / giảm stress để hỗ trợ khả năng sinh sản.</description>
    </item>
    
    <item>
      <title></title>
      <link>/vi/services/chiropractics/</link>
      <pubDate>Mon, 01 Jan 0001 00:00:00 +0000</pubDate>
      
      <guid>/vi/services/chiropractics/</guid>
      <description>Chỉnh xương tập trung vào mối quan hệ thân mật giữa hệ thần kinh và cột sống. Xáo trộn cơ sinh học và cấu trúc của cột sống có thể ảnh hưởng đến hệ thống thần kinh. Vì vậy, điều trị chỉnh để khôi phục sự toàn vẹn cấu trúc của cột sống, giảm áp lực lên các mô thần kinh nhạy cảm, và do đó cải thiện sức khỏe của cá nhân.</description>
    </item>
    
    <item>
      <title></title>
      <link>/vi/services/consultation/</link>
      <pubDate>Mon, 01 Jan 0001 00:00:00 +0000</pubDate>
      
      <guid>/vi/services/consultation/</guid>
      <description>Khi bạn đến khám bệnh lần đầu tiên, Bác sĩ chúng tôi sẽ cần hiểu biết thấu đáo về điều kiện sức khỏe của bạn. Chúng tôi có thể đánh giá sức khỏe hiện tại của bạn bằng cách hỏi nhiều câu hỏi về những triệu chứng của bệnh, tiền sử bệnh, lối sống và chế độ ăn uống. Chúng tôi cũng sử dụng các kỹ thuật như kiểm tra huyết áp, bắt mạch và quan sát lưỡi để xác định tình trạng sức khỏe của bạn.</description>
    </item>
    
    <item>
      <title></title>
      <link>/vi/services/cupping/</link>
      <pubDate>Mon, 01 Jan 0001 00:00:00 +0000</pubDate>
      
      <guid>/vi/services/cupping/</guid>
      <description>Giác hơi là một liệu pháp được sử dụng từ thời cổ đại Trung Quốc. Được dùng bằng cốc thuỷ tinh hơ nóng bên trong, sau đó đặt trên da để hút và giữ da bên trong cốc. Nó được dựa trên các lý thuyết kinh mạch của cơ thể. Giác hơi có thể loại bỏ sự trì trệ trong cơ thể và thông các kinh mạch để khí huyết có thể tự do lưu thông.</description>
    </item>
    
    <item>
      <title></title>
      <link>/vi/services/massage/</link>
      <pubDate>Mon, 01 Jan 0001 00:00:00 +0000</pubDate>
      
      <guid>/vi/services/massage/</guid>
      <description>Massage trị liệu thường được sử dụng để điều trị chấn thương do thể thao và các vấn đề khác ảnh hưởng đến hệ thống cơ bắp. Nó cũng có tác dụng cho những người bị căng thẳng, bị mất ngủ và đau đầu. Phòng mạch của chúng tôi áp dụng các kỹ thuật thao tác như dùng tay, chân hoặc các bộ phận khác của cơ thể để đem lại những hiệu quả để điều trị (ngoài thư giãn bình thường kết hợp với massage).</description>
    </item>
    
    <item>
      <title></title>
      <link>/vi/services/medicine/</link>
      <pubDate>Mon, 01 Jan 0001 00:00:00 +0000</pubDate>
      
      <guid>/vi/services/medicine/</guid>
      <description>Thuốc thảo dược rất là phong phú và được xem là mạch sống của Y Học Cổ Truyền. Theo truyền thống, nó bao gồm các loại thảo mộc nấu sôi trong vài giờ để lấy triết xuất sử dụng để uống. Các hoạt chất này sau đó được thực hiện như là một thức uống. Phòng khám của chúng tôi chuyên cung cấp các loại thuốc thảo dược ở dạng bột triết xuất từ thảo dược có thể dễ dàng hòa tan trong nước.</description>
    </item>
    
    <item>
      <title></title>
      <link>/vi/services/moxibustion/</link>
      <pubDate>Mon, 01 Jan 0001 00:00:00 +0000</pubDate>
      
      <guid>/vi/services/moxibustion/</guid>
      <description>Cứu ngải là một kỹ thuật chữa bệnh của y học cổ truyền Trung Quốc mà làm việc trên các truyền thống khác nhau của châm cứu và y học phương Đông trong hơn 2.000 năm. Trong thời hiện đại, cả hai phương pháp thường được sử dụng để bổ sung cho châm cứu bằng kim nhưng cũng có thể được sử dụng độc lập. Cứu ngải chia sẻ các nguyên tắc sử dụng nhiệt để kích thích tuần hoàn và phá vỡ sự tắc nghẽn hoặc đình trệ của khí huyết</description>
    </item>
    
    <item>
      <title></title>
      <link>/vi/services/osteothapy/</link>
      <pubDate>Mon, 01 Jan 0001 00:00:00 +0000</pubDate>
      
      <guid>/vi/services/osteothapy/</guid>
      <description>Tập trung vào xương, khớp, cơ, dây thần kinh, tuần hoàn, mô liên kết và cơ quan nội tạng hoạt động như một đơn vị tổng thể. Osteopathy giúp bệnh nhân bằng massage để làm giảm căng thẳng từ các mô mềm. Osteopathy tập trung vào cách các bộ xương, khớp, cơ, dây thần kinh, tuần hoàn, mô liên kết và cơ quan nội tạng hoạt động như một đơn vị tổng thể.</description>
    </item>
    
  </channel>
</rss>